<?xml version="1.0"?>
<Locations >
  <Project >
    <file_marker column=" 53" line=" 1" >
      <vfs_file>C:\Dev\Night3\LearnSect5\Pennies.adb</vfs_file>
    </file_marker>
    <file_marker column=" 1" line=" 1" >
      <vfs_file>C:\Dev\Night3\LearnSect5\DoStrings.adb</vfs_file>
    </file_marker>
    <file_marker current="true" column=" 35" line=" 39" >
      <vfs_file>C:\Dev\Night3\LearnSect5\DoStrings.adb</vfs_file>
    </file_marker>
  </Project>
  <Project >
    <file_marker column=" 53" line=" 1">
      <vfs_file >C:\Dev\Night3\LearnSect5\Pennies.adb</vfs_file>
    </file_marker>
    <file_marker column=" 1" line=" 1">
      <vfs_file >C:\Dev\Night3\LearnSect5\DoStrings.adb</vfs_file>
    </file_marker>
    <file_marker current="true" column=" 35" line=" 39">
      <vfs_file >C:\Dev\Night3\LearnSect5\DoStrings.adb</vfs_file>
    </file_marker>
  </Project>
</Locations>
