<?xml version="1.0"?>
<Locations >
  <Project >
    <file_marker column=" 27" line=" 7" >
      <vfs_file>C:\Dev\Night5\DoBoundStr\Program.adb</vfs_file>
    </file_marker>
    <file_marker column=" 9" line=" 30" >
      <vfs_file>C:\GNAT\2014\lib\gcc\i686-pc-mingw32\4.7.4\adainclude\a-string.ads</vfs_file>
    </file_marker>
    <file_marker column=" 26" line=" 7" >
      <vfs_file>C:\Dev\Night5\DoBoundStr\Program.adb</vfs_file>
    </file_marker>
    <file_marker column=" 9" line=" 30" >
      <vfs_file>C:\GNAT\2014\lib\gcc\i686-pc-mingw32\4.7.4\adainclude\a-string.ads</vfs_file>
    </file_marker>
    <file_marker column=" 60" line=" 5" >
      <vfs_file>C:\Dev\Night5\DoBoundStr\Program.adb</vfs_file>
    </file_marker>
    <file_marker column=" 12" line=" 46" >
      <vfs_file>C:\GNAT\2014\lib\gcc\i686-pc-mingw32\4.7.4\adainclude\a-strbou.ads</vfs_file>
    </file_marker>
    <file_marker column=" 24" line=" 65" >
      <vfs_file>C:\GNAT\2014\lib\gcc\i686-pc-mingw32\4.7.4\adainclude\a-strbou.ads</vfs_file>
    </file_marker>
    <file_marker column=" 9" line=" 30" >
      <vfs_file>C:\GNAT\2014\lib\gcc\i686-pc-mingw32\4.7.4\adainclude\a-string.ads</vfs_file>
    </file_marker>
    <file_marker column=" 30" line=" 9" >
      <vfs_file>C:\Dev\Night5\DoBoundStr\Program.adb</vfs_file>
    </file_marker>
    <file_marker column=" 16" line=" 63" >
      <vfs_file>C:\GNAT\2014\lib\gcc\i686-pc-mingw32\4.7.4\adainclude\a-strbou.ads</vfs_file>
    </file_marker>
    <file_marker column=" 31" line=" 9" >
      <vfs_file>C:\Dev\Night5\DoBoundStr\Program.adb</vfs_file>
    </file_marker>
    <file_marker current="true" column=" 16" line=" 63" >
      <vfs_file>C:\GNAT\2014\lib\gcc\i686-pc-mingw32\4.7.4\adainclude\a-strbou.ads</vfs_file>
    </file_marker>
  </Project>
</Locations>
