<?xml version="1.0"?>
<Locations >
  <Project>
    <vfs_file>C:\Dev\Night7\LearnPointers\learnpointers.gpr</vfs_file>
    <file_marker column=" 1" line=" 1" >
      <vfs_file>C:\Dev\Night7\LearnPointers\MyTypes.ads</vfs_file>
    </file_marker>
    <file_marker column=" 1" line=" 1" >
      <vfs_file>C:\Dev\Night7\LearnPointers\Program.adb</vfs_file>
    </file_marker>
    <file_marker column=" 1" line=" 18" >
      <vfs_file>C:\Dev\Night7\LearnPointers\MyTypes.ads</vfs_file>
    </file_marker>
    <file_marker current="true" column=" 27" line=" 29" >
      <vfs_file>C:\Dev\Night7\LearnPointers\Program.adb</vfs_file>
    </file_marker>
  </Project>
  <Project >
    <file_marker column=" 1" line=" 1">
      <vfs_file >C:\Dev\Night7\LearnPointers\MyTypes.ads</vfs_file>
    </file_marker>
    <file_marker column=" 1" line=" 1">
      <vfs_file >C:\Dev\Night7\LearnPointers\Program.adb</vfs_file>
    </file_marker>
    <file_marker column=" 1" line=" 18">
      <vfs_file >C:\Dev\Night7\LearnPointers\MyTypes.ads</vfs_file>
    </file_marker>
    <file_marker current="true" column=" 27" line=" 29">
      <vfs_file >C:\Dev\Night7\LearnPointers\Program.adb</vfs_file>
    </file_marker>
  </Project>
</Locations>
