<?xml version="1.0"?>
<Locations >
  <Project >
    <file_marker column=" 1" line=" 1" >
      <vfs_file>C:\Dev\Night4\DoMoreTypes\Array_And_Simple_Types</vfs_file>
    </file_marker>
    <file_marker column=" 32" line=" 13" >
      <vfs_file>C:\Dev\Night4\DoMoreTypes\Array_And_Simple_Types.ads</vfs_file>
    </file_marker>
    <file_marker current="true" column=" 54" line=" 18" >
      <vfs_file>C:\Dev\Night4\DoMoreTypes\Array_And_Simple_Types.ads</vfs_file>
    </file_marker>
  </Project>
  <Project >
    <file_marker column=" 1" line=" 1">
      <vfs_file >C:\Dev\Night4\DoMoreTypes\Array_And_Simple_Types</vfs_file>
    </file_marker>
    <file_marker current="true" column=" 27" line=" 15">
      <vfs_file >C:\Dev\Night4\DoMoreTypes\Array_And_Simple_Types.ads</vfs_file>
    </file_marker>
  </Project>
</Locations>
