<?xml version="1.0"?>
<Locations >
  <Project>
    <vfs_file>C:\Dev\Night6\DoBoundedString\doboundedstring.gpr</vfs_file>
    <file_marker column=" 33" line=" 12" >
      <vfs_file>C:\Dev\Night6\DoBoundedString\Program.adb</vfs_file>
    </file_marker>
    <file_marker column=" 16" line=" 63" >
      <vfs_file>C:\GNAT\2014\lib\gcc\i686-pc-mingw32\4.7.4\adainclude\a-strbou.ads</vfs_file>
    </file_marker>
    <file_marker column=" 31" line=" 12" >
      <vfs_file>C:\Dev\Night6\DoBoundedString\Program.adb</vfs_file>
    </file_marker>
    <file_marker column=" 16" line=" 63" >
      <vfs_file>C:\GNAT\2014\lib\gcc\i686-pc-mingw32\4.7.4\adainclude\a-strbou.ads</vfs_file>
    </file_marker>
    <file_marker column=" 23" line=" 65" >
      <vfs_file>C:\GNAT\2014\lib\gcc\i686-pc-mingw32\4.7.4\adainclude\a-strbou.ads</vfs_file>
    </file_marker>
    <file_marker column=" 9" line=" 30" >
      <vfs_file>C:\GNAT\2014\lib\gcc\i686-pc-mingw32\4.7.4\adainclude\a-string.ads</vfs_file>
    </file_marker>
    <file_marker column=" 28" line=" 7" >
      <vfs_file>C:\Dev\Night6\DoBoundedString\Program.adb</vfs_file>
    </file_marker>
    <file_marker column=" 4" line=" 5" >
      <vfs_file>C:\Dev\Night6\DoBoundedString\Program2.adb</vfs_file>
    </file_marker>
    <file_marker current="true" column=" 1" line=" 1" >
      <vfs_file>C:\Dev\Night6\DoBoundedString\MbTypes.ads</vfs_file>
    </file_marker>
  </Project>
  <Project >
    <file_marker column=" 33" line=" 10">
      <vfs_file >C:\Dev\Night6\DoBoundedString\Program.adb</vfs_file>
    </file_marker>
    <file_marker column=" 16" line=" 63">
      <vfs_file >C:\GNAT\2014\lib\gcc\i686-pc-mingw32\4.7.4\adainclude\a-strbou.ads</vfs_file>
    </file_marker>
    <file_marker column=" 31" line=" 10">
      <vfs_file >C:\Dev\Night6\DoBoundedString\Program.adb</vfs_file>
    </file_marker>
    <file_marker column=" 16" line=" 63">
      <vfs_file >C:\GNAT\2014\lib\gcc\i686-pc-mingw32\4.7.4\adainclude\a-strbou.ads</vfs_file>
    </file_marker>
    <file_marker column=" 23" line=" 65">
      <vfs_file >C:\GNAT\2014\lib\gcc\i686-pc-mingw32\4.7.4\adainclude\a-strbou.ads</vfs_file>
    </file_marker>
    <file_marker column=" 9" line=" 30">
      <vfs_file >C:\GNAT\2014\lib\gcc\i686-pc-mingw32\4.7.4\adainclude\a-string.ads</vfs_file>
    </file_marker>
    <file_marker column=" 28" line=" 6">
      <vfs_file >C:\Dev\Night6\DoBoundedString\Program.adb</vfs_file>
    </file_marker>
    <file_marker column=" 4" line=" 3">
      <vfs_file >C:\Dev\Night6\DoBoundedString\Program2.adb</vfs_file>
    </file_marker>
    <file_marker current="true" column=" 1" line=" 1">
      <vfs_file >C:\Dev\Night6\DoBoundedString\MbTypes.ads</vfs_file>
    </file_marker>
  </Project>
</Locations>
