<?xml version="1.0"?>
<Locations>
  <Project>
    <vfs_file>C:\Dev\Night1\FirstHelloWorld\firsthelloworld.gpr</vfs_file>
    <file_marker column=" 11" line=" 30" >
      <vfs_file>C:\Dev\Night1\FirstHelloWorld\src\Main.adb</vfs_file>
    </file_marker>
    <file_marker column=" 1" line=" 1" >
      <vfs_file>C:\Dev\Night1\FirstHelloWorld\src\main.ads</vfs_file>
    </file_marker>
    <file_marker column=" 14" line=" 28" >
      <vfs_file>C:\Dev\Night1\FirstHelloWorld\src\Main.adb</vfs_file>
    </file_marker>
    <file_marker column=" 9" line=" 23" >
      <vfs_file>C:\Dev\Night1\FirstHelloWorld\src\Main.adb</vfs_file>
    </file_marker>
    <browser_marker>Entity Browser</browser_marker>
    <file_marker current="true" column=" 4" line=" 30" >
      <vfs_file>C:\Dev\Night1\FirstHelloWorld\src\Main.adb</vfs_file>
    </file_marker>
  </Project>
</Locations>
