<?xml version="1.0"?>
<Locations >
  <Project>
    <vfs_file>C:\Dev\Night3\UnboundedStrings\ustrings.gpr</vfs_file>
    <file_marker column=" 11" line=" 69" >
      <vfs_file>C:\Dev\Night3\UnboundedStrings\Program.adb</vfs_file>
    </file_marker>
    <file_marker column=" 33" line=" 2" >
      <vfs_file>C:\Dev\Night3\UnboundedStrings\Program.adb</vfs_file>
    </file_marker>
    <file_marker current="true" column=" 1" line=" 1" >
      <vfs_file>C:\Dev\Night3\UnboundedStrings\program.ads</vfs_file>
    </file_marker>
  </Project>
  <Project >
    <vfs_file  />
    <file_marker current="true" column=" 20" line=" 30">
      <vfs_file >C:\Dev\Night3\UnboundedStrings\Program.adb</vfs_file>
    </file_marker>
  </Project>
</Locations>
