<?xml version="1.0"?>
<Locations >
  <Project >
    <file_marker column=" 1" line=" 1" >
      <vfs_file>C:\Dev\Night6\InitMethods\Program.adb</vfs_file>
    </file_marker>
    <file_marker column=" 1" line=" 19" >
      <vfs_file>C:\Dev\Night6\InitMethods\MyTypes.ads</vfs_file>
    </file_marker>
    <file_marker column=" 31" line=" 26" >
      <vfs_file>C:\Dev\Night6\InitMethods\MyTypes.adb</vfs_file>
    </file_marker>
    <file_marker column=" 31" line=" 10" >
      <vfs_file>C:\Dev\Night6\InitMethods\MyTypes.ads</vfs_file>
    </file_marker>
    <file_marker column=" 16" line=" 7" >
      <vfs_file>C:\Dev\Night6\InitMethods\OtherTypes.ads</vfs_file>
    </file_marker>
    <file_marker column=" 35" line=" 9" >
      <vfs_file>C:\Dev\Night6\InitMethods\Program.adb</vfs_file>
    </file_marker>
    <file_marker current="true" column=" 16" line=" 20" >
      <vfs_file>C:\Dev\Night6\InitMethods\MyTypes.ads</vfs_file>
    </file_marker>
  </Project>
  <Project >
    <file_marker column=" 1" line=" 1">
      <vfs_file >C:\Dev\Night6\InitMethods\Program.adb</vfs_file>
    </file_marker>
    <file_marker column=" 1" line=" 19">
      <vfs_file >C:\Dev\Night6\InitMethods\MyTypes.ads</vfs_file>
    </file_marker>
    <file_marker column=" 31" line=" 26">
      <vfs_file >C:\Dev\Night6\InitMethods\MyTypes.adb</vfs_file>
    </file_marker>
    <file_marker column=" 31" line=" 10">
      <vfs_file >C:\Dev\Night6\InitMethods\MyTypes.ads</vfs_file>
    </file_marker>
    <file_marker current="true" column=" 16" line=" 7">
      <vfs_file >C:\Dev\Night6\InitMethods\OtherTypes.ads</vfs_file>
    </file_marker>
  </Project>
</Locations>
