<?xml version="1.0"?>
<Locations >
  <Project>
    <vfs_file>C:\Dev\Night4\DoClass\doclass.gpr</vfs_file>
    <file_marker column=" 1" line=" 1" >
      <vfs_file>C:\Dev\Night4\DoClass\Figures.adb</vfs_file>
    </file_marker>
    <file_marker column=" 1" line=" 1" >
      <vfs_file>C:\Dev\Night4\DoClass\Figures.ads</vfs_file>
    </file_marker>
    <file_marker current="true" column=" 1" line=" 1" >
      <vfs_file>C:\Dev\Night4\DoClass\Program.adb</vfs_file>
    </file_marker>
  </Project>
  <Project >
    <file_marker column=" 1" line=" 1">
      <vfs_file >C:\Dev\Night4\DoClass\Figures.adb</vfs_file>
    </file_marker>
    <file_marker column=" 1" line=" 1">
      <vfs_file >C:\Dev\Night4\DoClass\Figures.ads</vfs_file>
    </file_marker>
    <file_marker current="true" column=" 1" line=" 1">
      <vfs_file >C:\Dev\Night4\DoClass\Program.adb</vfs_file>
    </file_marker>
  </Project>
</Locations>
