<?xml version="1.0"?>
<Locations >
  <Project>
    <vfs_file>C:\Dev\Night3\Lab5\lab5.gpr</vfs_file>
    <file_marker column=" 1" line=" 1" >
      <vfs_file>C:\Dev\Night3\Lab5\Program.adb</vfs_file>
    </file_marker>
    <file_marker current="true" column=" 25" line=" 41" >
      <vfs_file>C:\Dev\Night3\Lab5\Program.adb</vfs_file>
    </file_marker>
  </Project>
  <Project >
    <file_marker current="true" column=" 1" line=" 1">
      <vfs_file >C:\Dev\Night3\Lab5\Program.adb</vfs_file>
    </file_marker>
  </Project>
</Locations>
